{
  "pages": [
    {
      "dayKey": "2026-02-18",
      "title": "Renda extra sem investimento: com 1 hora por dia (2026-02-18-30)",
      "file": "renda-extra-sem-investimento-com-1-hora-por-dia-2026-02-18-30.html",
      "niche": "renda-extra-sem-investimento",
      "mode": "bulk",
      "createdAt": 1771451877456
    },
    {
      "dayKey": "2026-02-18",
      "title": "Ideias de negócio baratas: com R$200 (2026-02-18-29)",
      "file": "ideias-de-negocio-baratas-com-r-200-2026-02-18-29.html",
      "niche": "ideias-de-negocio-baratas",
      "mode": "bulk",
      "createdAt": 1771451877456
    },
    {
      "dayKey": "2026-02-18",
      "title": "Ideias de negócio baratas: para vender online (2026-02-18-28)",
      "file": "ideias-de-negocio-baratas-para-vender-online-2026-02-18-28.html",
      "niche": "ideias-de-negocio-baratas",
      "mode": "bulk",
      "createdAt": 1771451877456
    },
    {
      "dayKey": "2026-02-18",
      "title": "Renda extra com celular: o que dá dinheiro (2026-02-18-27)",
      "file": "renda-extra-com-celular-o-que-da-dinheiro-2026-02-18-27.html",
      "niche": "renda-extra-com-celular",
      "mode": "bulk",
      "createdAt": 1771451877455
    },
    {
      "dayKey": "2026-02-18",
      "title": "Renda extra com celular: trabalhos simples (2026-02-18-26)",
      "file": "renda-extra-com-celular-trabalhos-simples-2026-02-18-26.html",
      "niche": "renda-extra-com-celular",
      "mode": "bulk",
      "createdAt": 1771451877455
    },
    {
      "dayKey": "2026-02-18",
      "title": "Renda extra com celular: trabalhos simples (2026-02-18-25)",
      "file": "renda-extra-com-celular-trabalhos-simples-2026-02-18-25.html",
      "niche": "renda-extra-com-celular",
      "mode": "bulk",
      "createdAt": 1771451877455
    },
    {
      "dayKey": "2026-02-18",
      "title": "Renda extra em casa: sem experiência (2026-02-18-24)",
      "file": "renda-extra-em-casa-sem-experiencia-2026-02-18-24.html",
      "niche": "renda-extra-em-casa",
      "mode": "bulk",
      "createdAt": 1771451877454
    },
    {
      "dayKey": "2026-02-18",
      "title": "Renda extra em casa: ideias rápidas (2026-02-18-23)",
      "file": "renda-extra-em-casa-ideias-rapidas-2026-02-18-23.html",
      "niche": "renda-extra-em-casa",
      "mode": "bulk",
      "createdAt": 1771451877454
    },
    {
      "dayKey": "2026-02-18",
      "title": "Renda extra sem investimento: ideias fáceis (2026-02-18-22)",
      "file": "renda-extra-sem-investimento-ideias-faceis-2026-02-18-22.html",
      "niche": "renda-extra-sem-investimento",
      "mode": "bulk",
      "createdAt": 1771451877453
    },
    {
      "dayKey": "2026-02-18",
      "title": "Renda extra sem investimento: como vender todo dia (2026-02-18-21)",
      "file": "renda-extra-sem-investimento-como-vender-todo-dia-2026-02-18-21.html",
      "niche": "renda-extra-sem-investimento",
      "mode": "bulk",
      "createdAt": 1771451877453
    },
    {
      "dayKey": "2026-02-18",
      "title": "Ideias de negócio baratas: com R$10 (2026-02-18-20)",
      "file": "ideias-de-negocio-baratas-com-r-10-2026-02-18-20.html",
      "niche": "ideias-de-negocio-baratas",
      "mode": "bulk",
      "createdAt": 1771451877452
    },
    {
      "dayKey": "2026-02-18",
      "title": "Ideias de negócio baratas: para vender online (2026-02-18-19)",
      "file": "ideias-de-negocio-baratas-para-vender-online-2026-02-18-19.html",
      "niche": "ideias-de-negocio-baratas",
      "mode": "bulk",
      "createdAt": 1771451877452
    },
    {
      "dayKey": "2026-02-18",
      "title": "Renda extra sem investimento: ideias fáceis (2026-02-18-18)",
      "file": "renda-extra-sem-investimento-ideias-faceis-2026-02-18-18.html",
      "niche": "renda-extra-sem-investimento",
      "mode": "bulk",
      "createdAt": 1771451877451
    },
    {
      "dayKey": "2026-02-18",
      "title": "Renda extra com celular: trabalhos simples (2026-02-18-17)",
      "file": "renda-extra-com-celular-trabalhos-simples-2026-02-18-17.html",
      "niche": "renda-extra-com-celular",
      "mode": "bulk",
      "createdAt": 1771451877451
    },
    {
      "dayKey": "2026-02-18",
      "title": "Renda extra em casa: como começar do zero (2026-02-18-16)",
      "file": "renda-extra-em-casa-como-comecar-do-zero-2026-02-18-16.html",
      "niche": "renda-extra-em-casa",
      "mode": "bulk",
      "createdAt": 1771451877450
    },
    {
      "dayKey": "2026-02-18",
      "title": "Renda extra sem investimento: com 1 hora por dia (2026-02-18-15)",
      "file": "renda-extra-sem-investimento-com-1-hora-por-dia-2026-02-18-15.html",
      "niche": "renda-extra-sem-investimento",
      "mode": "bulk",
      "createdAt": 1771451877449
    },
    {
      "dayKey": "2026-02-18",
      "title": "Renda extra sem investimento: sem seguidores (2026-02-18-14)",
      "file": "renda-extra-sem-investimento-sem-seguidores-2026-02-18-14.html",
      "niche": "renda-extra-sem-investimento",
      "mode": "bulk",
      "createdAt": 1771451877449
    },
    {
      "dayKey": "2026-02-18",
      "title": "Ideias de negócio baratas: o que dá lucro (2026-02-18-13)",
      "file": "ideias-de-negocio-baratas-o-que-da-lucro-2026-02-18-13.html",
      "niche": "ideias-de-negocio-baratas",
      "mode": "bulk",
      "createdAt": 1771451877448
    },
    {
      "dayKey": "2026-02-18",
      "title": "Renda extra com celular: trabalhos simples (2026-02-18-12)",
      "file": "renda-extra-com-celular-trabalhos-simples-2026-02-18-12.html",
      "niche": "renda-extra-com-celular",
      "mode": "bulk",
      "createdAt": 1771451877448
    },
    {
      "dayKey": "2026-02-18",
      "title": "Renda extra em casa: ideias rápidas (2026-02-18-11)",
      "file": "renda-extra-em-casa-ideias-rapidas-2026-02-18-11.html",
      "niche": "renda-extra-em-casa",
      "mode": "bulk",
      "createdAt": 1771451877447
    },
    {
      "dayKey": "2026-02-18",
      "title": "Ideias de negócio baratas: o que dá lucro (2026-02-18-10)",
      "file": "ideias-de-negocio-baratas-o-que-da-lucro-2026-02-18-10.html",
      "niche": "ideias-de-negocio-baratas",
      "mode": "bulk",
      "createdAt": 1771451877447
    },
    {
      "dayKey": "2026-02-18",
      "title": "Ideias de negócio baratas: para cidade pequena (2026-02-18-09)",
      "file": "ideias-de-negocio-baratas-para-cidade-pequena-2026-02-18-09.html",
      "niche": "ideias-de-negocio-baratas",
      "mode": "bulk",
      "createdAt": 1771451877446
    },
    {
      "dayKey": "2026-02-18",
      "title": "Renda extra com celular: afiliados do zero (2026-02-18-08)",
      "file": "renda-extra-com-celular-afiliados-do-zero-2026-02-18-08.html",
      "niche": "renda-extra-com-celular",
      "mode": "bulk",
      "createdAt": 1771451877445
    },
    {
      "dayKey": "2026-02-18",
      "title": "Renda extra sem investimento: sem cartão (2026-02-18-07)",
      "file": "renda-extra-sem-investimento-sem-cartao-2026-02-18-07.html",
      "niche": "renda-extra-sem-investimento",
      "mode": "bulk",
      "createdAt": 1771451877444
    },
    {
      "dayKey": "2026-02-18",
      "title": "Renda extra com celular: o que dá dinheiro (2026-02-18-06)",
      "file": "renda-extra-com-celular-o-que-da-dinheiro-2026-02-18-06.html",
      "niche": "renda-extra-com-celular",
      "mode": "bulk",
      "createdAt": 1771451877444
    },
    {
      "dayKey": "2026-02-18",
      "title": "Renda extra sem investimento: o que fazer hoje (2026-02-18-05)",
      "file": "renda-extra-sem-investimento-o-que-fazer-hoje-2026-02-18-05.html",
      "niche": "renda-extra-sem-investimento",
      "mode": "bulk",
      "createdAt": 1771451877443
    },
    {
      "dayKey": "2026-02-18",
      "title": "Renda extra sem investimento: serviços digitais (2026-02-18-04)",
      "file": "renda-extra-sem-investimento-servicos-digitais-2026-02-18-04.html",
      "niche": "renda-extra-sem-investimento",
      "mode": "bulk",
      "createdAt": 1771451877442
    },
    {
      "dayKey": "2026-02-18",
      "title": "Renda extra com celular: o que dá dinheiro (2026-02-18-03)",
      "file": "renda-extra-com-celular-o-que-da-dinheiro-2026-02-18-03.html",
      "niche": "renda-extra-com-celular",
      "mode": "bulk",
      "createdAt": 1771451877441
    },
    {
      "dayKey": "2026-02-18",
      "title": "Ideias de negócio baratas: o que dá lucro (2026-02-18-02)",
      "file": "ideias-de-negocio-baratas-o-que-da-lucro-2026-02-18-02.html",
      "niche": "ideias-de-negocio-baratas",
      "mode": "bulk",
      "createdAt": 1771451877441
    },
    {
      "dayKey": "2026-02-18",
      "title": "Renda extra sem investimento: serviços digitais (2026-02-18-01)",
      "file": "renda-extra-sem-investimento-servicos-digitais-2026-02-18-01.html",
      "niche": "renda-extra-sem-investimento",
      "mode": "bulk",
      "createdAt": 1771451877440
    }
  ]
}